Model,Acc_mean,Acc_std,F1_macro_mean,F1_macro_std,F1_micro_mean,F1_micro_std
GIN,0.2590381426202322,0.046379972729786605,0.2046744591155286,0.029015227574783385,0.2590381426202322,0.046379972729786605
GCN,0.03316749585406302,0.02172407680771186,0.03167008535697744,0.020577056617335873,0.03316749585406302,0.02172407680771186
TopKPool,0.27197346600331673,0.13971746115970513,0.2034773212973883,0.09477892291592953,0.27197346600331673,0.13971746115970513
GCN2,0.0,0.0,0.0,0.0,0.0,0.0
